aX,aY,aZ,gX,gY,gZ
-0.23,0.29,0.75,18.43,-91.98,29.66
-0.23,0.21,0.81,26.49,-96.19,26.31
-0.21,0.03,0.81,28.32,-99.0,26.31
-0.23,-0.04,0.74,28.63,-99.49,37.41
-0.29,0.08,0.75,34.24,-108.34,59.63
-0.37,0.31,0.88,32.59,-122.74,77.39
-0.38,0.58,1.03,21.73,-130.07,80.57
-0.39,0.76,1.12,14.1,-126.65,66.28
-0.37,0.76,1.12,8.85,-113.95,36.8
-0.35,0.52,0.97,8.85,-97.05,4.21
-0.33,0.24,0.82,8.73,-88.68,-15.87
-0.36,0.1,0.77,3.17,-95.28,-14.59
-0.34,0.1,0.86,-13.67,-109.19,-1.34
-0.39,0.17,0.94,-19.29,-119.38,8.06
-0.33,0.11,0.98,-30.52,-119.81,16.42
-0.3,-0.03,0.78,-6.35,-105.96,12.94
-0.3,-0.17,0.89,-5.8,-111.82,13.73
-0.39,0.04,1.17,-37.78,-131.35,27.65
-0.37,0.19,1.26,-43.03,-119.51,40.89
-0.38,0.13,1.17,-39.12,-96.07,37.96
-0.43,0.06,1.11,-27.95,-80.38,41.75
-0.49,0.19,1.14,-13.73,-74.34,60.42
-0.52,0.4,1.26,-3.17,-70.68,77.51
-0.56,0.52,1.38,0.67,-64.76,78.12
-0.6,0.59,1.47,-3.72,-54.38,66.16
-0.59,0.61,1.67,-8.73,-46.75,50.23
-0.59,0.49,2.05,-15.26,-44.01,28.81
-0.67,0.39,2.44,-29.42,-29.97,11.6
-0.75,0.37,2.66,-41.99,7.39,2.81
-0.84,0.45,2.64,-40.41,75.2,2.87
-0.94,0.66,2.31,-33.57,152.1,7.26
-0.97,0.93,1.8,-27.95,219.48,3.85
-0.94,1.11,1.25,-23.86,247.74,-12.63
-0.92,1.12,1.0,-33.2,234.86,-41.81
-0.92,1.01,1.08,-45.84,198.79,-72.94
-0.91,0.94,1.41,-52.73,164.0,-94.67
-0.9,0.99,1.79,-50.72,149.96,-107.06
-0.86,1.09,2.13,-43.15,163.51,-121.58
-0.88,1.05,2.36,-33.63,194.7,-146.18
-0.85,0.75,2.23,-34.48,241.7,-176.45
-0.83,0.36,1.83,-33.26,288.76,-193.85
-0.87,0.13,1.43,-26.18,314.27,-184.33
-0.86,0.12,1.09,-15.87,320.74,-155.03
-0.77,0.19,0.85,-6.53,311.95,-125.49
-0.66,0.24,0.7,1.1,288.76,-103.21
-0.53,0.28,0.69,-1.1,255.43,-88.56
-0.4,0.3,0.99,-6.84,217.1,-81.18
-0.32,0.31,1.46,-4.94,186.28,-78.49
-0.28,0.33,1.97,7.81,182.86,-74.28
-0.37,0.39,2.31,17.09,212.16,-70.25
-0.51,0.47,2.23,28.02,273.38,-67.26
-0.64,0.56,1.76,36.68,349.0,-67.26
-0.69,0.58,1.08,37.96,401.86,-73.97
-0.63,0.51,0.44,25.63,418.15,-85.69
-0.5,0.36,-0.0,1.71,396.48,-98.27
-0.28,0.15,0.1,-22.52,335.39,-106.63
-0.06,0.05,0.96,-26.06,246.83,-104.19
-0.01,0.02,2.15,-6.53,181.82,-95.83
-0.3,0.03,2.76,-16.17,195.31,-102.48
-0.6,-0.04,2.66,-25.88,319.95,-96.5
-0.75,-0.01,1.92,-9.83,473.69,-76.05
-0.87,0.14,0.77,-18.37,568.66,-68.6
-0.69,0.16,-0.15,-31.92,568.6,-69.89
-0.39,-0.03,-0.75,-79.28,515.32,-82.7
-0.11,-0.35,-1.03,-136.47,432.37,-98.39
0.11,-0.4,-1.07,-163.45,343.99,-111.88
0.2,-0.27,-0.74,-151.67,258.18,-120.3
0.27,-0.08,-0.03,-117.07,186.4,-77.51
0.22,0.37,0.67,-72.45,153.08,-27.04
0.05,0.5,1.01,-39.73,175.9,4.03
0.06,0.84,1.06,-21.18,234.44,23.93
-0.08,0.75,0.41,-23.8,313.72,-91.31
-0.17,0.11,-0.51,-84.11,379.58,-172.97
0.03,-0.53,-1.34,-111.02,384.64,-211.0
0.18,-0.69,-1.51,-147.71,339.66,-264.53
0.21,-0.71,-1.35,-153.08,220.4,-332.76
0.29,-1.2,-0.75,-145.08,95.7,-250.06
0.42,-0.67,0.36,-80.32,50.72,-83.86
0.42,0.13,0.68,10.19,97.53,-16.54
0.27,0.4,0.25,42.66,187.99,1.16
0.11,0.35,-0.58,50.9,275.45,13.79
0.04,0.12,-1.39,34.55,312.62,-6.59
-0.09,-0.21,-1.88,0.37,319.64,-76.17
0.0,-0.62,-2.11,-21.24,237.24,-144.78
0.12,-0.6,-1.43,-1.65,116.15,-188.48
0.03,-0.54,-0.76,27.83,10.86,-226.93
0.07,-1.1,-0.17,67.2,21.61,-166.87
0.08,-0.94,-0.38,90.09,91.13,-74.34
0.02,-0.56,-1.06,71.78,160.03,-24.72
0.05,-0.34,-1.6,62.87,188.72,-5.8
0.05,-0.36,-1.83,80.69,174.38,-6.53
0.1,-0.44,-1.69,80.51,89.66,-13.98
0.17,-0.44,-1.48,85.88,18.55,-11.23
0.22,-0.37,-1.34,91.43,-27.4,-0.98
0.26,-0.29,-1.23,102.11,-25.02,7.08
0.32,-0.23,-1.23,101.01,-19.53,8.73
0.36,-0.14,-1.02,101.38,-35.77,12.15
0.37,-0.02,-0.83,115.97,-49.93,16.78
0.39,0.14,-0.77,113.59,-44.25,17.33
0.43,0.24,-0.86,113.59,-31.62,11.78
0.47,0.23,-0.96,112.92,-26.79,0.37
0.5,0.16,-1.07,105.47,-29.72,-15.2
0.53,0.01,-1.1,88.38,-40.34,-27.83
0.56,-0.19,-1.04,61.16,-58.65,-32.71
0.58,-0.35,-1.02,26.98,-74.28,-28.63
0.57,-0.41,-1.09,-12.02,-82.64,-12.39
0.52,-0.42,-1.28,-44.98,-90.7,10.44
0.44,-0.47,-1.58,-82.15,-98.82,31.37
0.31,-0.55,-1.75,-112.61,-99.79,52.19
0.17,-0.56,-1.98,-118.1,-117.43,78.25
0.06,-0.34,-1.83,-100.1,-190.67,111.76
-0.02,0.02,-1.48,-40.47,-257.08,138.92
-0.01,0.37,-1.13,-39.61,-324.65,160.58
-0.0,0.51,-0.37,-38.45,-346.68,189.03
0.06,0.54,-0.28,-26.67,-302.86,221.01
0.23,0.49,-0.51,-31.31,-259.03,244.32
0.3,0.85,-0.92,-29.66,-242.31,164.86
0.25,0.32,-1.13,-23.99,-256.77,41.32
0.17,-0.17,-1.0,-38.51,-294.92,-1.65
0.11,-0.35,-0.77,-33.2,-327.39,-4.7
0.06,-0.31,-0.63,-31.01,-334.9,11.29
0.08,-0.21,-0.38,-23.44,-338.44,45.9
0.14,-0.04,0.08,-7.45,-351.68,73.43
0.23,0.02,0.59,11.66,-351.81,74.58
0.35,-0.08,0.88,20.51,-324.1,64.94
0.43,-0.24,0.96,13.24,-289.31,60.91
0.46,-0.35,0.92,-9.34,-252.81,67.08
0.43,-0.33,0.6,-30.09,-212.4,79.77
0.36,-0.22,0.17,-54.02,-184.57,108.89
0.25,0.13,-0.11,-70.13,-184.39,153.02
0.09,0.57,-0.3,-60.79,-200.99,190.67
0.18,0.96,-0.23,-48.46,-220.4,240.42
0.27,1.4,0.14,-0.43,-256.23,190.19
0.26,1.05,0.81,50.23,-292.85,77.09
0.25,0.44,1.26,73.61,-293.95,0.61
0.27,-0.12,1.24,69.95,-249.08,-33.63
0.31,-0.45,0.9,47.12,-196.66,-40.53
0.35,-0.49,0.69,27.47,-176.82,-48.83
0.31,-0.37,0.95,7.2,-198.79,-52.55
0.19,-0.17,1.35,-8.79,-217.71,-21.67
0.13,0.07,1.43,-24.17,-191.77,69.15
0.11,0.51,1.05,-31.8,-138.73,166.44
0.07,0.53,0.63,-42.6,-107.42,239.56
0.06,0.42,0.24,-43.21,-109.56,289.37
0.05,0.98,-0.01,-26.18,-131.59,230.65
-0.04,0.66,-0.05,6.47,-170.41,97.6
0.05,0.28,0.68,17.7,-234.92,49.5
0.03,0.21,1.83,43.76,-298.03,40.53
-0.05,0.49,2.43,73.06,-276.49,54.87
-0.06,0.9,2.13,95.34,-165.59,79.1
-0.01,1.09,1.19,93.08,-61.71,73.18
-0.0,0.87,0.59,62.87,-57.31,40.04
-0.02,0.51,0.61,18.37,-119.45,19.23
-0.08,0.32,0.91,-9.46,-179.57,23.01
-0.08,0.43,1.02,-15.69,-193.79,41.69
-0.01,0.53,0.95,-2.26,-179.57,47.18
0.0,0.38,1.06,17.88,-177.92,28.08
-0.01,0.07,1.2,37.35,-180.54,5.49
-0.02,-0.29,1.26,47.67,-173.95,-5.25
-0.05,-0.43,1.29,55.11,-163.94,-9.58
-0.15,-0.3,1.3,58.11,-154.17,-12.45
-0.25,-0.08,1.48,47.06,-151.98,32.78
-0.34,0.4,1.74,32.65,-148.62,132.93
-0.45,0.6,1.75,25.57,-122.62,222.11
-0.26,1.57,1.7,-14.71,-73.06,260.93
-0.31,1.64,1.18,32.59,-32.84,124.82
-0.34,0.94,0.75,13.0,-21.18,18.68
-0.31,0.07,0.64,6.47,-43.95,-39.25
-0.29,-0.35,0.77,9.77,-80.08,-48.22
-0.32,-0.3,0.99,22.77,-107.73,-29.91
-0.37,-0.15,1.27,26.12,-122.13,19.53
-0.41,0.27,1.53,29.85,-122.74,95.15
-0.47,0.58,1.59,38.09,-107.24,161.32
-0.4,1.36,1.64,15.26,-75.74,194.09
-0.37,1.59,1.45,36.56,-50.35,115.23
-0.34,1.23,1.28,14.77,-38.7,39.55
-0.29,0.63,1.22,-1.59,-36.99,-14.59
-0.25,0.2,1.19,-8.12,-36.44,-31.98
-0.24,0.03,1.08,-6.84,-28.44,-18.8
-0.24,0.01,0.89,-2.14,-17.09,-0.12
-0.26,0.04,0.72,3.6,-14.71,14.28
-0.28,0.08,0.67,7.75,-25.76,23.68
-0.27,0.17,0.78,11.05,-44.62,31.68
-0.29,0.32,1.0,17.15,-60.97,39.98
-0.3,0.48,1.18,19.41,-65.25,45.17
-0.3,0.58,1.27,13.67,-57.13,43.4
-0.29,0.64,1.29,5.68,-45.47,37.11
-0.27,0.65,1.27,-2.14,-35.34,28.38
-0.26,0.6,1.21,-6.53,-27.53,18.86
-0.25,0.54,1.17,-5.8,-21.61,10.25
-0.23,0.48,1.22,-2.81,-21.18,4.33
-0.2,0.41,1.32,-2.69,-20.63,-0.55
-0.18,0.39,1.46,-0.92,-15.44,-2.08
-0.17,0.49,1.68,6.47,-9.34,1.22
-0.18,0.6,1.81,10.8,6.65,2.99
-0.19,0.65,1.72,8.73,34.79,0.31
-0.19,0.65,1.57,1.34,56.88,-2.01
-0.17,0.57,1.5,-14.1,62.99,-2.14
-0.17,0.54,1.51,-30.88,61.46,3.78
-0.18,0.68,1.63,-41.02,59.39,16.48
-0.17,0.96,1.87,-45.17,59.57,26.31
-0.21,1.28,2.11,-43.27,67.2,24.78
-0.28,1.47,2.21,-40.34,90.94,6.04
-0.32,1.48,2.19,-39.86,121.09,-24.29
-0.35,1.32,2.13,-43.46,145.14,-55.73
-0.37,1.11,2.01,-49.74,162.11,-77.94
-0.38,0.87,1.87,-58.72,172.73,-90.09
-0.36,0.63,1.79,-71.66,174.32,-93.26
-0.39,0.57,1.8,-81.54,170.53,-83.92
-0.43,0.72,1.88,-84.59,169.98,-68.24
-0.47,0.92,1.87,-87.4,177.12,-61.1
-0.48,0.94,1.67,-97.41,193.48,-72.81
-0.47,0.83,1.43,-103.64,205.32,-94.54
-0.43,0.71,1.3,-98.51,203.98,-114.32
-0.37,0.62,1.28,-86.18,196.53,-129.58
-0.32,0.55,1.23,-68.91,196.04,-140.44
-0.29,0.49,1.07,-50.23,204.22,-147.64
-0.23,0.36,0.9,-40.89,210.57,-152.95
-0.15,0.21,0.79,-40.65,204.83,-152.22
-0.05,0.03,0.78,-46.39,192.93,-142.82
0.04,-0.05,0.99,-53.71,174.8,-125.85
0.03,0.11,1.18,-51.33,166.56,-101.26
-0.02,0.37,1.04,-39.25,186.71,-80.81
-0.03,0.53,0.74,-35.03,211.36,-77.03
-0.01,0.62,0.48,-36.01,216.55,-86.36
0.02,0.63,0.37,-34.79,199.83,-99.55
0.08,0.51,0.43,-42.24,172.91,-113.53
0.13,0.34,0.65,-54.99,147.09,-121.58
0.15,0.28,0.92,-64.03,128.48,-118.1
0.17,0.37,1.09,-70.07,127.93,-107.67
0.17,0.47,1.02,-73.43,148.68,-101.75
0.24,0.41,1.02,-74.52,167.79,-107.24
0.23,0.33,1.24,-68.12,171.14,-116.21
0.12,0.39,1.2,-40.65,193.18,-118.23
0.05,0.45,0.76,-16.85,237.55,-117.55
0.08,0.36,0.27,-18.43,267.33,-121.7
0.13,0.18,-0.07,-37.11,259.09,-124.02
0.23,0.02,-0.11,-62.32,223.02,-116.52
0.32,0.05,0.3,-78.55,173.71,-97.05
0.31,0.27,0.84,-78.19,140.62,-75.99
0.25,0.49,1.19,-70.62,150.63,-70.13
0.11,0.59,1.03,-63.6,200.68,-84.72
0.01,0.5,0.41,-59.94,264.65,-111.39
0.02,0.25,-0.29,-62.99,300.6,-138.12
0.11,-0.05,-0.76,-67.75,289.06,-153.56
0.21,-0.28,-0.76,-71.9,234.37,-152.4
0.27,-0.33,-0.42,-75.99,173.83,-138.18
0.35,-0.28,-0.04,-78.67,144.29,-116.7
0.4,-0.08,0.28,-74.77,139.53,-91.19
0.34,0.22,0.49,-70.19,147.4,-75.56
0.23,0.5,0.49,-59.14,170.65,-79.83
0.17,0.58,0.16,-48.95,208.8,-103.33
0.12,0.32,-0.4,-48.1,241.21,-149.9
0.14,-0.15,-0.92,-55.85,247.19,-189.64
0.31,-0.53,-1.08,-62.32,214.11,-208.98
0.41,-0.61,-0.85,-66.96,157.47,-246.09
0.41,-0.56,-0.44,-72.14,115.91,-292.36
0.36,-0.91,-0.07,-59.08,100.22,-289.0
0.42,-0.84,0.29,-67.81,111.15,-153.38
0.39,-0.24,0.09,-30.33,152.47,-69.34
0.34,0.18,-0.24,5.86,190.67,-57.19
0.28,0.26,-0.44,23.13,202.03,-73.3
0.15,0.11,-0.58,35.52,203.19,-110.66
0.13,-0.26,-0.64,55.48,201.72,-158.26
0.19,-0.51,-0.64,62.99,198.43,-182.13
0.17,-0.98,-0.85,66.71,199.04,-185.3
0.19,-1.13,-1.09,25.94,206.18,-141.17
0.24,-1.01,-1.33,28.26,191.89,-91.67
0.24,-0.74,-1.4,24.66,166.08,-51.76
0.22,-0.46,-1.38,40.83,136.66,-31.43
0.19,-0.29,-1.23,59.75,95.03,-28.26
0.18,-0.22,-0.82,78.86,65.86,-33.69
0.14,-0.15,-0.76,97.35,76.72,-40.16
0.12,-0.27,-1.1,98.39,103.76,-50.48
0.1,-0.54,-1.46,68.73,118.29,-59.94
0.02,-0.74,-1.5,47.79,120.18,-55.79
0.01,-0.67,-1.5,52.12,88.56,-34.12
0.07,-0.51,-1.46,49.62,37.54,-13.43
0.14,-0.47,-1.42,39.73,4.94,-7.2
0.17,-0.48,-1.36,37.9,-1.22,-9.34
0.23,-0.43,-1.36,51.21,-4.64,-5.98
0.26,-0.33,-1.3,47.36,-15.32,1.22
0.28,-0.23,-1.13,40.83,-32.29,6.53
0.32,-0.14,-1.04,33.45,-40.28,7.32
0.35,-0.18,-1.14,21.24,-36.68,0.43
0.36,-0.32,-1.19,9.46,-38.82,-7.57
0.36,-0.42,-1.08,4.7,-53.53,-7.87
0.39,-0.45,-1.0,-2.32,-62.74,-0.31
0.4,-0.43,-1.05,-13.49,-60.18,7.63
0.39,-0.43,-1.12,-19.41,-58.96,12.94
0.38,-0.45,-1.13,-17.03,-63.72,16.66
0.35,-0.39,-1.11,-10.99,-69.95,22.89
0.33,-0.25,-1.12,-7.75,-74.34,29.6
0.32,-0.13,-1.07,-4.15,-81.48,30.64
0.31,-0.12,-1.07,-2.81,-87.95,24.23
0.28,-0.22,-1.19,-8.97,-90.15,14.22
0.25,-0.41,-1.34,-23.68,-93.93,6.53
0.23,-0.54,-1.45,-35.95,-105.04,9.4
0.2,-0.61,-1.49,-43.82,-118.41,20.51
0.16,-0.63,-1.52,-44.8,-131.16,33.87
0.13,-0.62,-1.47,-37.11,-159.06,47.18
0.1,-0.52,-1.08,-18.86,-215.27,60.73
0.11,-0.24,-0.08,27.4,-290.65,75.99
0.25,0.1,0.51,53.22,-262.88,86.61
0.38,0.25,0.04,26.67,-166.99,82.46
0.47,0.16,-0.72,-16.17,-94.54,61.46
0.44,-0.15,-1.16,-46.2,-94.18,27.16
0.4,-0.36,-1.18,-51.57,-137.76,11.29
0.38,-0.47,-0.99,-52.31,-180.42,18.31
0.37,-0.35,-0.82,-46.39,-204.65,46.02
0.37,-0.16,-0.77,-30.64,-214.23,63.23
0.37,-0.1,-0.62,-15.01,-224.61,61.95
0.35,-0.15,-0.15,9.89,-249.15,53.47
0.38,-0.1,0.38,28.14,-265.75,53.83
0.47,-0.03,0.46,16.11,-238.04,57.86
0.55,-0.08,0.16,-11.47,-192.99,54.99
0.56,-0.2,-0.15,-39.98,-169.8,51.7
0.51,-0.2,-0.31,-55.18,-173.77,58.11
0.48,-0.05,-0.34,-46.81,-188.42,69.95
0.46,0.08,-0.28,-17.03,-203.06,71.11
0.46,0.03,-0.16,20.75,-214.66,55.11
0.5,-0.31,-0.05,39.73,-219.48,30.09
0.52,-0.73,0.14,28.93,-224.06,15.99
0.5,-0.89,0.54,9.16,-234.56,39.06
0.49,-0.55,0.92,-4.58,-238.4,96.68
0.48,0.02,1.0,-25.02,-214.54,146.3
0.46,0.41,0.69,-49.32,-166.02,174.38
0.44,0.49,0.23,-62.32,-125.61,202.33
0.41,0.46,-0.12,-43.15,-116.94,220.34
0.49,0.33,-0.17,-0.73,-139.83,212.59
0.6,0.44,0.04,38.82,-169.49,145.87
0.6,-0.1,0.14,64.88,-186.22,42.05
0.6,-0.48,0.29,49.32,-197.57,6.53
0.51,-0.33,0.75,39.37,-222.35,-1.16
0.39,-0.09,1.34,27.1,-247.56,39.12
0.36,0.4,1.6,5.25,-231.87,137.39
0.28,0.67,1.38,-11.17,-177.31,226.81
0.43,1.62,0.91,-44.25,-121.64,258.42
0.44,1.61,0.42,2.5,-104.61,123.66
0.48,0.85,0.32,5.55,-127.93,15.14
0.54,0.02,0.39,24.84,-157.65,-41.5
0.58,-0.45,0.42,31.86,-167.05,-53.96
0.53,-0.44,0.45,39.86,-174.07,-57.74
0.36,-0.28,0.59,45.96,-195.5,-45.9
0.26,-0.15,0.79,45.47,-217.04,19.96
0.17,0.24,0.92,48.71,-223.75,103.76
0.05,0.51,0.95,52.61,-219.3,152.1
-0.03,0.53,1.13,43.82,-216.31,206.79
0.08,1.15,1.53,58.11,-218.38,220.58
0.05,1.15,1.56,90.33,-192.44,96.5
0.12,0.59,1.18,72.69,-145.45,10.8
0.22,-0.09,0.81,44.92,-120.91,-27.22
0.25,-0.44,0.66,21.36,-130.37,-34.67
0.15,-0.36,0.76,15.63,-161.44,-35.16
0.01,-0.18,1.01,16.6,-187.38,-3.17
-0.06,0.12,1.12,23.32,-188.48,70.74
-0.16,0.43,1.11,35.28,-173.4,118.53
-0.27,0.52,1.2,42.85,-166.75,155.52
-0.19,1.07,1.33,53.04,-162.96,163.94
-0.2,0.99,1.22,68.3,-149.05,62.74
-0.15,0.46,1.11,39.31,-141.42,-4.64
-0.08,-0.07,1.09,11.54,-145.63,-28.99
-0.08,-0.28,1.12,-0.98,-152.47,-21.0
-0.12,-0.23,1.19,-1.71,-158.57,12.39
-0.15,-0.03,1.23,-1.53,-159.48,54.44
-0.18,0.2,1.24,3.11,-157.04,76.11
-0.2,0.4,1.2,2.32,-152.95,83.86
-0.23,0.53,1.17,3.66,-148.32,78.43
-0.26,0.63,1.38,14.22,-154.24,68.48
-0.28,0.74,1.75,27.4,-161.62,56.03
-0.28,0.71,1.9,28.38,-141.66,35.95
-0.24,0.56,1.65,19.96,-98.51,17.15
-0.2,0.35,1.33,5.62,-67.81,4.88
-0.17,0.16,1.15,-9.46,-64.15,1.16
-0.13,0.07,1.13,-17.15,-75.44,7.75
-0.12,0.1,1.23,-16.17,-85.94,21.36
-0.13,0.18,1.25,-14.16,-83.5,33.69
-0.16,0.27,1.17,-12.21,-73.73,40.65
-0.18,0.33,1.2,-10.74,-71.04,41.99
-0.2,0.39,1.42,-7.81,-76.48,40.28
-0.22,0.47,1.66,-6.96,-73.67,37.48
-0.23,0.51,1.61,-10.07,-48.77,32.17
-0.23,0.51,1.31,-16.6,-15.08,24.9
-0.2,0.56,1.11,-21.12,-4.46,20.2
-0.16,0.58,1.17,-23.32,-17.76,14.34
-0.13,0.57,1.32,-24.11,-30.4,6.04
-0.11,0.54,1.39,-23.25,-27.47,-1.34
-0.09,0.5,1.44,-20.87,-16.97,-8.12
-0.06,0.49,1.6,-15.5,-10.62,-15.08
-0.05,0.45,1.75,-11.17,-1.77,-22.52
-0.02,0.34,1.76,-11.35,20.14,-29.91
0.01,0.26,1.67,-12.7,44.01,-30.46
0.03,0.22,1.61,-15.63,57.19,-23.86
0.04,0.26,1.6,-16.78,62.68,-12.63
0.03,0.4,1.69,-17.4,64.94,-0.37
0.02,0.6,1.82,-16.54,69.64,8.18
-0.0,0.73,1.88,-19.41,83.01,6.77
-0.01,0.75,1.86,-22.4,100.89,-2.93
-0.01,0.68,1.78,-23.62,115.54,-14.04
-0.02,0.58,1.67,-23.44,128.66,-22.09
-0.03,0.53,1.52,-21.67,140.14,-24.29
-0.06,0.52,1.35,-18.74,148.8,-23.56
-0.07,0.5,1.17,-19.96,151.92,-25.09
-0.03,0.43,1.1,-24.54,144.1,-29.3
0.01,0.38,1.17,-26.79,127.99,-31.8
0.05,0.35,1.25,-23.01,117.98,-31.07
0.09,0.36,1.29,-19.04,114.5,-28.87
0.12,0.39,1.33,-16.72,112.61,-25.21
0.15,0.45,1.36,-14.04,111.45,-22.4
0.16,0.48,1.36,-13.18,112.92,-21.79
0.16,0.5,1.27,-13.06,117.55,-22.77
0.18,0.52,1.16,-10.38,119.45,-24.84
0.19,0.52,1.09,-8.18,115.66,-29.24
0.22,0.52,1.07,-4.94,108.4,-33.81
0.25,0.5,1.12,1.34,99.79,-38.64
0.26,0.46,1.25,9.28,91.86,-43.33
0.26,0.45,1.38,18.86,89.78,-46.08
0.26,0.45,1.43,27.65,95.76,-47.73
0.27,0.42,1.37,32.04,108.28,-49.38
0.28,0.38,1.27,32.71,117.8,-50.35
0.27,0.35,1.18,33.51,120.36,-49.68
0.26,0.33,1.1,33.14,119.93,-47.55
0.24,0.32,1.01,32.29,117.19,-44.37
0.23,0.33,0.98,30.33,109.19,-41.56
0.25,0.34,0.95,31.8,101.14,-41.14
0.26,0.32,0.94,38.76,97.11,-43.03
0.26,0.33,0.99,51.27,91.74,-44.49
0.26,0.33,1.13,64.03,88.38,-45.35
0.25,0.28,1.32,73.36,88.68,-46.14
0.25,0.25,1.47,75.26,96.44,-44.01
0.22,0.22,1.45,67.26,115.36,-37.48
0.19,0.2,1.26,51.64,137.63,-27.34
0.18,0.25,1.09,29.3,149.17,-15.63
0.15,0.36,1.0,8.36,150.76,-5.37
0.12,0.46,0.9,-10.74,151.92,-2.75
0.12,0.52,0.84,-24.96,153.2,-8.79
0.1,0.51,0.82,-29.6,153.93,-22.58
0.11,0.43,0.83,-27.1,157.71,-40.22
0.12,0.38,0.83,-15.38,165.41,-55.18
0.1,0.36,0.76,5.43,177.37,-65.25
0.12,0.3,0.67,19.29,189.58,-74.52
0.18,0.16,0.81,22.64,187.62,-82.82
0.19,-0.01,1.07,22.52,182.5,-86.06
0.16,-0.13,1.18,16.54,196.35,-80.51
0.1,-0.13,0.97,3.85,231.57,-63.11
0.06,-0.04,0.62,-12.33,264.53,-44.74
0.05,0.1,0.35,-23.8,274.9,-34.79
0.07,0.16,0.22,-32.78,265.5,-35.64
0.12,0.12,0.18,-42.97,249.82,-45.23
0.17,0.04,0.17,-44.92,236.69,-53.89
0.22,-0.03,0.24,-42.79,224.79,-56.76
0.25,-0.06,0.4,-35.52,216.0,-56.03
0.25,-0.06,0.51,-23.44,216.43,-54.26
0.26,-0.08,0.51,-18.8,227.97,-52.37
0.26,-0.12,0.52,-21.61,242.98,-50.72
0.22,-0.07,0.53,-12.51,254.58,-45.65
0.15,0.08,0.44,-2.14,272.16,-39.37
0.11,0.17,0.45,9.64,287.66,-40.53
0.05,0.14,0.36,10.99,301.27,-49.99
0.01,-0.06,-0.04,-13.43,327.94,-63.96
0.06,-0.33,-0.65,-42.3,351.68,-73.97
0.17,-0.45,-1.22,-64.58,341.86,-81.73
0.24,-0.44,-1.39,-75.01,302.98,-99.49
0.31,-0.37,-1.36,-73.91,251.04,-107.54
0.41,-0.28,-1.25,-47.79,158.69,-88.01
0.52,-0.16,-0.26,-26.86,78.31,-43.27
0.55,0.11,0.36,18.19,89.66,-14.1
0.49,0.31,0.51,62.56,129.88,-11.6
0.46,0.25,0.34,61.71,183.11,-17.82
0.4,0.12,-0.24,37.41,242.98,-45.29
0.37,-0.21,-0.91,23.99,268.98,-75.87
0.42,-0.52,-1.22,-9.95,243.29,-89.36
0.44,-0.55,-1.07,-27.28,187.13,-124.63
0.4,-0.91,-0.75,-38.27,139.47,-137.7
0.38,-1.15,-0.54,-53.22,128.23,-62.68
0.36,-0.75,-0.57,-25.33,140.69,20.45
0.34,-0.23,-0.81,5.98,160.71,61.28
0.29,0.09,-1.15,24.23,174.38,60.85
0.24,0.14,-1.29,40.95,167.3,35.64
0.21,0.11,-1.08,71.29,136.17,6.35
0.19,0.06,-0.82,96.44,113.89,-12.33
0.15,-0.0,-0.98,92.59,127.81,-26.37
0.1,-0.1,-1.4,75.44,148.93,-40.28
0.05,-0.27,-1.6,65.73,164.98,-52.8
-0.0,-0.45,-2.0,63.84,163.88,-55.79
-0.02,-0.57,-1.96,53.28,102.23,-45.72
-0.0,-0.66,-1.54,50.17,47.55,-28.87
0.04,-0.65,-1.39,47.91,8.54,-7.81
0.11,-0.52,-1.11,30.58,-5.07,13.98
0.19,-0.34,-1.18,39.0,31.62,29.36
0.23,-0.14,-1.39,48.4,48.46,37.29
0.26,0.05,-1.45,42.72,46.63,38.27
0.28,0.19,-1.46,46.94,36.01,33.39
0.33,0.29,-1.39,48.83,4.46,27.04
0.41,0.29,-1.25,46.94,-41.69,22.58
0.46,0.27,-1.08,54.2,-51.82,11.47
0.48,0.17,-1.24,44.07,-35.71,-10.44
0.48,-0.03,-1.26,28.38,-41.14,-30.21
0.49,-0.16,-1.15,16.91,-59.14,-31.43
0.48,-0.15,-1.13,9.52,-67.2,-19.59
0.47,-0.07,-1.15,3.91,-71.23,-7.39
0.45,-0.07,-1.11,-1.53,-78.86,-3.36
0.41,-0.14,-1.0,2.01,-86.98,-3.36
0.38,-0.2,-0.97,2.62,-87.22,-0.67
0.36,-0.2,-1.16,-2.62,-75.87,5.8
0.35,-0.17,-1.45,-9.28,-66.96,12.02
0.33,-0.15,-1.54,-10.8,-66.1,14.59
0.29,-0.11,-1.59,-1.59,-81.85,17.88
0.28,-0.05,-1.52,-1.83,-127.69,21.24
0.28,-0.04,-1.38,0.49,-179.57,18.07
0.31,-0.07,-1.04,7.32,-220.46,11.78
0.34,-0.12,-0.78,17.03,-207.7,10.56
0.35,-0.15,-0.79,18.07,-184.02,11.9
0.35,-0.15,-0.87,8.0,-172.18,15.5
0.37,-0.11,-0.96,-3.85,-169.49,19.96
0.37,-0.06,-1.02,-11.84,-175.17,23.62
0.37,-0.01,-0.98,-16.05,-188.66,25.21
0.36,0.06,-0.89,-18.92,-203.61,25.63
0.37,0.13,-0.84,-19.29,-212.46,24.54
0.4,0.17,-0.77,-15.44,-220.89,18.98
0.42,0.17,-0.65,-7.45,-232.24,10.5
0.43,0.11,-0.5,1.22,-242.37,0.12
0.43,0.03,-0.35,5.55,-247.8,-8.0
0.44,-0.01,-0.21,2.32,-247.92,-10.38
0.45,-0.03,-0.11,-4.64,-242.8,-8.61
0.45,-0.03,-0.1,-18.01,-230.16,-4.88
0.42,0.03,-0.17,-31.56,-217.47,-0.61
0.39,0.14,-0.28,-41.93,-210.02,3.66
0.39,0.2,-0.42,-54.32,-207.95,1.53
0.37,0.17,-0.49,-66.83,-217.29,-6.59
0.34,0.06,-0.46,-78.61,-236.45,-15.2
0.36,-0.08,-0.28,-88.99,-258.91,-18.19
0.36,-0.14,0.01,-86.55,-280.15,-13.12
0.38,-0.09,0.26,-70.37,-287.05,-2.81
0.4,-0.02,0.37,-49.26,-275.33,3.78
0.39,0.05,0.33,-27.71,-255.0,3.6
0.37,0.1,0.26,-8.3,-238.89,-1.59
0.35,0.1,0.2,5.07,-231.63,-9.64
0.33,-0.01,0.14,6.23,-231.99,-20.02
0.31,-0.22,0.14,-10.44,-240.91,-28.26
0.28,-0.37,0.18,-35.22,-255.55,-24.78
0.23,-0.4,0.3,-54.69,-273.25,-12.76
0.17,-0.34,0.5,-69.58,-289.55,6.84
0.15,-0.2,0.72,-69.64,-297.12,36.93
0.15,0.03,0.89,-47.3,-292.18,61.71
0.17,0.16,1.0,-15.2,-274.29,61.65
0.22,0.13,1.01,13.49,-247.74,43.46
0.21,-0.1,0.97,29.72,-224.79,19.23
0.19,-0.35,0.89,24.54,-210.82,8.42
0.12,-0.57,0.81,3.17,-208.68,14.34
0.07,-0.59,0.83,-32.53,-217.22,55.11
0.02,-0.36,0.96,-57.19,-232.42,101.81
0.0,0.04,1.18,-66.59,-244.08,139.34
-0.02,0.4,1.38,-53.65,-242.8,165.83
-0.04,0.5,1.56,-31.8,-222.6,201.54
-0.04,0.46,1.62,0.61,-186.28,242.0
0.11,0.66,1.56,38.82,-138.0,250.06
0.1,0.94,1.15,93.69,-93.99,139.22
0.06,0.4,0.93,113.83,-79.1,17.33
0.01,-0.13,0.8,92.9,-84.59,-29.17
-0.05,-0.42,0.68,84.66,-94.91,-38.64
-0.12,-0.33,0.66,75.62,-117.8,-35.16
-0.15,-0.22,0.91,52.49,-151.61,2.87
-0.13,0.05,1.29,33.63,-178.83,60.79
-0.13,0.25,1.56,24.72,-180.3,86.3
-0.09,0.3,1.65,12.39,-154.11,89.78
-0.03,0.28,1.62,12.57,-118.29,77.33
-0.03,0.24,1.48,36.19,-84.17,53.1
-0.04,0.15,1.25,61.77,-53.53,30.27
-0.08,0.07,0.95,80.99,-31.01,17.82
-0.13,-0.0,0.66,84.9,-25.27,12.27
-0.2,-0.06,0.48,71.17,-41.56,11.11
-0.24,-0.14,0.48,50.11,-77.88,12.82
-0.29,-0.1,0.76,32.23,-122.99,20.69
-0.31,0.18,1.31,24.41,-165.22,36.68
-0.32,0.42,1.83,25.21,-181.64,54.57
-0.34,0.69,2.01,6.29,-142.4,58.41
-0.29,0.77,1.67,-2.5,-78.98,30.52
-0.27,0.57,1.18,-2.32,-39.92,-24.84
-0.24,0.12,0.87,-14.4,-35.58,-66.89
-0.22,-0.24,0.72,-19.96,-53.96,-82.82
-0.2,-0.38,0.72,-20.2,-79.96,-79.22
-0.23,-0.36,0.78,-15.14,-104.74,-68.05
-0.26,-0.32,0.89,-13.24,-124.51,-44.49
-0.28,-0.27,1.03,-7.93,-139.4,-14.1
-0.28,-0.15,1.15,0.61,-147.95,6.59
-0.25,-0.07,1.26,6.59,-150.33,12.27
-0.21,-0.05,1.42,8.24,-151.61,11.9
-0.17,-0.07,1.61,6.1,-152.34,12.27
-0.14,-0.1,1.79,-1.04,-144.29,16.85
-0.14,-0.09,1.86,-6.29,-124.27,27.83
-0.15,0.0,1.82,-10.19,-98.33,42.11
-0.18,0.15,1.72,-14.28,-74.83,54.81
-0.2,0.25,1.59,-14.16,-55.54,61.52
-0.2,0.3,1.46,-18.74,-40.95,59.88
-0.22,0.29,1.35,-22.64,-33.33,51.21
-0.26,0.24,1.28,-22.77,-30.7,36.44
-0.29,0.18,1.22,-25.7,-29.3,25.39
-0.3,0.17,1.19,-27.53,-29.11,22.46
-0.28,0.21,1.21,-27.47,-32.1,21.97
-0.26,0.26,1.28,-27.04,-34.85,18.49
-0.24,0.29,1.32,-26.98,-32.65,12.63
-0.23,0.29,1.36,-27.16,-28.93,5.68
-0.21,0.27,1.4,-28.63,-24.54,-3.3
-0.19,0.22,1.42,-29.79,-18.31,-13.67
-0.18,0.14,1.42,-30.88,-11.72,-21.97
-0.17,0.08,1.44,-30.52,-7.75,-25.21
-0.15,0.05,1.5,-29.66,-4.76,-24.9
-0.15,0.04,1.55,-28.2,-0.92,-21.91
-0.14,0.07,1.62,-26.37,4.33,-17.33
-0.12,0.1,1.73,-24.54,10.5,-13.73
-0.09,0.15,1.9,-20.45,16.78,-11.6
-0.08,0.21,2.04,-12.76,29.3,-9.58
-0.1,0.26,2.05,-8.06,52.8,-8.3
-0.15,0.26,1.95,-10.5,81.24,-13.12
-0.18,0.2,1.81,-18.68,102.05,-19.65
-0.19,0.1,1.73,-27.89,107.67,-22.22
-0.22,-0.0,1.7,-37.35,106.81,-19.1
-0.25,-0.06,1.67,-49.26,107.91,-11.54
-0.27,-0.05,1.62,-57.07,111.57,0.67
-0.29,0.02,1.55,-59.57,115.54,14.34
-0.26,0.12,1.48,-59.39,119.32,22.71
-0.19,0.22,1.44,-57.86,120.79,25.51
-0.16,0.29,1.44,-51.88,122.01,23.99
-0.16,0.32,1.42,-41.5,126.46,19.1
-0.18,0.33,1.34,-30.7,133.12,14.1
-0.18,0.33,1.21,-21.0,137.76,10.25
-0.17,0.34,1.08,-12.94,134.03,3.3
-0.17,0.3,1.06,-7.08,116.33,-4.39
-0.15,0.26,1.19,-6.59,92.65,-9.52
-0.09,0.28,1.37,-6.9,75.26,-9.58
-0.04,0.35,1.53,-5.74,71.04,-7.51
0.01,0.4,1.57,-7.08,79.77,-8.42
0.05,0.41,1.49,-9.28,95.64,-13.31
0.05,0.37,1.4,-10.5,108.09,-17.7
0.04,0.35,1.38,-10.44,112.92,-19.17
0.03,0.36,1.4,-8.42,115.6,-17.76
0.03,0.41,1.42,-5.55,120.79,-17.33
0.03,0.46,1.4,-3.3,129.46,-19.41
0.03,0.5,1.31,-2.56,141.3,-23.38
0.02,0.53,1.16,-3.23,152.53,-28.99
0.04,0.54,1.01,-4.33,157.41,-36.68
0.05,0.51,0.98,-5.92,151.37,-48.16
0.07,0.43,1.14,-5.49,137.94,-59.51
0.1,0.33,1.37,-5.49,129.39,-66.59
0.1,0.23,1.49,-5.13,137.45,-68.73
0.09,0.2,1.42,-3.97,160.4,-64.64
0.07,0.28,1.24,0.85,183.47,-56.46
0.05,0.36,1.05,3.78,199.89,-52.37
0.03,0.4,0.85,1.04,209.23,-55.24
0.05,0.34,0.72,-4.88,210.94,-62.93
0.06,0.2,0.73,-12.33,202.94,-71.66
0.08,0.11,0.82,-14.89,194.34,-72.02
0.06,0.06,0.88,-16.72,194.15,-65.06
0.06,0.07,0.9,-20.45,198.91,-56.52
0.08,0.14,0.84,-22.03,205.57,-48.46
0.06,0.19,0.75,-22.58,211.61,-45.04
0.07,0.25,0.68,-22.58,214.05,-46.51
0.09,0.35,0.66,-17.88,214.6,-50.96
0.1,0.39,0.66,-12.02,216.49,-60.42
0.09,0.37,0.66,-8.18,223.08,-74.22
0.09,0.32,0.62,-3.6,233.4,-85.27
0.1,0.16,0.6,-8.06,242.92,-94.91
0.1,-0.01,0.58,-19.23,248.05,-99.85
0.07,-0.11,0.45,-29.91,255.8,-94.6
0.07,-0.14,0.23,-41.99,265.32,-84.29
0.11,-0.1,0.07,-51.64,263.55,-72.94
0.21,-0.07,0.12,-57.31,248.11,-65.37
0.25,-0.07,0.53,-51.7,224.37,-63.42
0.2,0.04,0.93,-28.32,216.74,-59.2
0.13,0.07,0.94,-12.08,252.93,-57.8
0.07,-0.06,0.58,-17.15,309.63,-64.88
0.04,-0.21,0.18,-21.36,344.12,-68.36
0.07,-0.32,-0.18,-23.38,348.45,-64.03
0.15,-0.4,-0.49,-37.29,334.11,-58.35
0.25,-0.42,-0.74,-50.17,307.86,-56.27
0.31,-0.37,-0.82,-54.38,266.78,-55.91
0.36,-0.36,-0.66,-52.73,218.87,-40.89
0.41,-0.28,-0.33,-40.1,182.07,-15.87
0.43,-0.06,-0.0,-7.87,167.36,1.53
0.39,0.17,0.11,33.63,176.76,1.22
0.35,0.22,-0.07,59.75,205.38,-14.34
0.34,0.09,-0.45,62.13,233.76,-38.02
0.36,-0.15,-0.83,49.68,240.72,-55.73
0.41,-0.36,-1.04,29.17,222.17,-59.02
0.49,-0.44,-0.9,16.36,181.7,-57.5
0.56,-0.45,-0.35,17.76,132.75,-60.97
0.54,-0.4,0.29,29.48,110.66,-56.64
0.43,-0.3,0.39,65.25,141.42,-36.01
0.38,-0.14,-0.05,83.86,207.46,3.17
0.35,0.07,-0.68,100.22,257.75,16.66
0.31,0.14,-1.24,106.45,266.66,9.95
0.27,0.05,-1.5,99.24,251.65,-2.38
0.2,-0.06,-1.56,89.66,233.46,-13.18
0.18,-0.13,-1.52,89.23,175.84,-11.54
0.2,-0.1,-1.35,95.28,98.14,-1.83
0.27,-0.17,-0.86,82.52,52.37,5.07
0.29,-0.12,-0.74,70.01,82.15,15.93
0.28,0.12,-0.88,71.23,104.61,30.09
0.3,0.3,-0.96,66.71,111.15,35.4
0.32,0.36,-1.01,70.07,110.78,35.52
0.32,0.37,-1.1,77.21,112.24,40.95
0.32,0.33,-1.25,75.01,113.4,42.6
0.33,0.25,-1.33,66.59,103.27,31.31
0.28,0.22,-1.37,49.87,82.7,2.81
0.23,0.14,-1.46,23.5,71.96,-20.26
0.2,0.03,-1.53,16.3,71.47,-27.47
0.18,-0.04,-1.55,18.68,57.25,-29.36
0.16,-0.04,-1.53,23.8,22.34,-24.84
0.12,0.05,-1.53,35.95,3.72,-18.68
0.09,0.11,-1.52,61.04,5.07,-19.17
0.07,0.1,-1.49,84.72,-5.31,-25.94
0.05,0.08,-1.46,82.52,-20.63,-30.7
0.04,0.09,-1.5,77.45,-26.55,-32.35
0.05,0.12,-1.53,63.17,-31.98,-32.35
0.06,0.11,-1.56,47.73,-45.47,-32.53
0.08,0.11,-1.56,34.12,-66.89,-32.04
0.09,0.14,-1.56,24.72,-85.63,-28.87
0.1,0.22,-1.6,18.98,-100.4,-25.88
0.11,0.29,-1.62,19.04,-111.33,-25.21
0.09,0.33,-1.67,26.18,-134.83,-29.66
0.09,0.29,-1.48,35.83,-172.73,-40.65
0.11,0.18,-1.31,44.13,-219.06,-53.71
0.14,0.1,-0.82,49.74,-239.87,-60.0
0.21,0.09,-0.71,50.84,-207.09,-60.97
0.24,0.06,-0.81,45.59,-181.88,-59.94
0.28,-0.01,-0.86,28.08,-175.84,-58.96
0.32,-0.04,-0.86,11.29,-179.93,-53.83
0.33,0.01,-0.84,-2.93,-187.19,-43.7
0.33,0.09,-0.84,-17.88,-193.24,-34.73
0.29,0.19,-0.83,-30.82,-200.2,-29.54
0.29,0.27,-0.86,-38.33,-206.54,-28.93
0.32,0.26,-0.83,-40.71,-214.97,-35.4
0.31,0.13,-0.73,-33.81,-226.99,-48.89
0.31,0.01,-0.69,-28.14,-233.76,-57.19
0.32,-0.05,-0.72,-27.22,-237.12,-57.37
0.33,-0.06,-0.68,-26.37,-247.92,-53.83
0.33,-0.04,-0.53,-27.22,-267.15,-50.17
0.32,-0.01,-0.31,-31.31,-286.93,-46.75
0.31,0.07,-0.09,-34.12,-298.1,-42.11
0.32,0.19,0.04,-37.11,-296.2,-38.27
0.35,0.22,0.13,-41.38,-289.25,-40.77
0.37,0.17,0.23,-49.62,-284.91,-49.13
0.38,0.04,0.34,-59.94,-280.09,-57.56
0.42,-0.12,0.41,-65.8,-271.24,-61.4
0.42,-0.24,0.4,-68.97,-257.69,-58.53
0.43,-0.23,0.32,-63.05,-241.09,-47.06
0.42,-0.14,0.24,-42.42,-230.71,-34.55
0.4,-0.02,0.25,-17.94,-229.68,-29.24
0.38,0.09,0.25,5.49,-232.85,-31.86
0.34,0.07,0.22,12.57,-238.04,-42.48
0.31,-0.04,0.25,-2.75,-250.85,-53.53
0.27,-0.14,0.32,-26.92,-269.29,-54.38
0.23,-0.19,0.43,-53.65,-289.43,-45.17
0.22,-0.2,0.57,-77.76,-307.07,-30.76
0.22,-0.19,0.76,-90.03,-318.3,-15.69
0.24,-0.11,0.98,-80.93,-318.73,-1.71
0.3,-0.06,1.17,-52.67,-303.34,5.55
0.35,-0.11,1.24,-17.94,-271.55,2.38
0.36,-0.27,1.16,5.19,-233.95,-4.03
0.34,-0.42,0.98,7.26,-204.47,-8.61
0.27,-0.46,0.78,-4.46,-192.5,-17.64
0.14,-0.4,0.68,-29.6,-199.65,-19.04
0.04,-0.29,0.79,-50.35,-218.81,4.94
0.02,-0.03,1.05,-45.84,-235.84,59.51
0.0,0.34,1.24,-14.1,-234.5,101.44
0.01,0.45,1.43,12.33,-215.33,130.19
0.14,0.44,1.44,37.05,-179.26,156.19
0.11,0.81,1.11,65.06,-134.09,92.35
0.06,0.26,0.89,87.59,-116.27,-19.29
0.13,-0.33,0.91,58.23,-137.21,-62.99
0.16,-0.47,1.06,41.93,-163.7,-80.81
0.09,-0.39,1.22,35.64,-175.23,-96.44
0.04,-0.33,1.36,22.77,-172.91,-81.97
-0.01,-0.28,1.38,15.38,-156.19,-38.57
-0.04,-0.15,1.25,19.17,-127.62,14.1
-0.1,0.11,1.02,36.8,-101.93,45.1
-0.13,0.2,0.81,42.3,-90.88,42.42
-0.15,0.08,0.63,26.98,-95.21,14.65
-0.17,-0.24,0.57,2.2,-113.34,-13.0
-0.17,-0.45,0.66,-19.04,-142.64,-24.96
-0.21,-0.39,0.93,-23.93,-175.9,-35.77
-0.26,-0.42,1.38,-22.83,-200.2,-16.05
-0.24,-0.15,1.82,-11.78,-201.23,39.31
-0.24,0.15,1.97,12.7,-167.42,71.04
-0.22,0.31,1.88,18.13,-110.84,78.74
-0.22,0.29,1.62,6.77,-57.5,68.73
-0.21,0.2,1.25,1.65,-25.76,38.57
-0.23,-0.04,0.92,-10.68,-16.66,-1.4
-0.24,-0.28,0.73,-28.44,-30.09,-17.27
-0.24,-0.38,0.69,-39.49,-56.09,-16.54
-0.26,-0.37,0.77,-40.89,-85.63,-6.77
-0.29,-0.26,0.97,-35.16,-108.89,15.32
-0.32,0.02,1.21,-22.16,-122.8,47.79
-0.35,0.29,1.36,-9.64,-121.34,64.21
-0.37,0.39,1.37,-10.5,-103.64,71.59
-0.35,0.35,1.29,-13.85,-84.29,78.67
-0.31,0.28,1.2,-11.11,-74.46,71.9
-0.27,0.24,1.15,-8.12,-73.55,41.08
-0.27,0.12,1.12,-9.77,-76.11,-6.9
-0.26,-0.1,1.13,-19.04,-80.2,-35.28
-0.26,-0.22,1.14,-24.9,-82.4,-37.78
-0.27,-0.24,1.15,-25.09,-81.6,-26.31
-0.27,-0.13,1.14,-21.0,-80.14,-8.12
-0.27,-0.03,1.14,-17.82,-80.99,0.85
-0.26,-0.04,1.2,-23.68,-85.51,-1.59
-0.24,-0.11,1.35,-32.59,-93.81,-4.76
-0.22,-0.13,1.56,-39.61,-100.65,-1.71
-0.2,-0.05,1.72,-41.93,-95.95,9.34
-0.17,0.09,1.79,-43.33,-79.1,21.18
-0.13,0.21,1.82,-42.36,-61.46,27.47
-0.11,0.3,1.87,-38.02,-47.24,28.75
-0.1,0.32,1.85,-38.39,-28.44,24.9
-0.09,0.31,1.72,-40.28,-5.74,17.15
-0.1,0.27,1.57,-41.5,9.28,3.85
-0.11,0.17,1.5,-43.95,13.18,-9.52
-0.11,0.09,1.48,-44.37,11.96,-14.16
-0.11,0.04,1.46,-42.72,12.33,-12.82
-0.09,0.04,1.47,-39.61,14.22,-9.4
-0.05,0.07,1.54,-31.8,13.85,-4.76
-0.02,0.13,1.7,-22.77,11.41,-1.95
-0.02,0.21,1.86,-12.57,13.79,0.24
-0.02,0.24,1.93,-6.53,27.22,-0.49
-0.05,0.24,1.94,-7.45,44.07,-3.72
-0.08,0.22,1.95,-9.4,54.87,-5.07
-0.1,0.18,1.95,-13.61,62.07,-4.88
-0.11,0.11,1.93,-21.91,70.37,-4.21
-0.14,0.06,1.89,-27.47,79.65,-0.92
-0.18,0.05,1.87,-27.47,87.83,6.96
-0.22,0.07,1.83,-26.0,95.03,13.85
-0.23,0.04,1.79,-25.7,101.81,17.03
-0.26,-0.03,1.74,-27.04,108.46,17.94
-0.28,-0.08,1.67,-27.83,114.01,21.24
-0.31,-0.09,1.6,-26.25,116.58,31.31
-0.32,0.0,1.56,-25.27,116.64,46.51
-0.32,0.21,1.53,-23.07,115.97,62.87
-0.33,0.42,1.49,-22.95,117.25,76.6
-0.38,0.59,1.47,-31.01,120.54,81.73
-0.4,0.71,1.45,-29.24,121.7,71.78
-0.37,0.79,1.48,-27.34,121.64,47.67
-0.32,0.73,1.49,-26.25,125.18,10.8
-0.27,0.56,1.46,-23.25,135.38,-22.28
-0.23,0.41,1.4,-18.55,145.75,-41.75
-0.19,0.28,1.3,-13.0,154.79,-50.48
-0.17,0.16,1.19,-9.46,161.62,-52.98
-0.16,0.09,1.12,-6.41,161.5,-49.74
-0.14,0.12,1.11,-3.17,155.21,-39.73
-0.14,0.24,1.13,-0.73,148.62,-28.44
-0.12,0.37,1.17,-0.67,143.92,-24.05
-0.09,0.47,1.23,-1.22,141.11,-26.92
-0.1,0.51,1.31,-2.56,142.03,-35.71
-0.08,0.43,1.35,-6.96,148.5,-48.65
-0.07,0.29,1.35,-12.7,158.51,-59.88
-0.08,0.17,1.31,-15.5,169.56,-63.11
-0.08,0.11,1.24,-15.5,180.73,-58.9
-0.08,0.16,1.17,-13.61,190.67,-50.66
-0.1,0.22,1.1,-9.46,198.06,-44.43
-0.12,0.24,1.06,-8.61,203.19,-44.98
-0.11,0.26,1.0,-8.91,209.23,-48.03
-0.09,0.3,0.93,-6.77,216.19,-50.72
-0.07,0.31,0.89,-7.14,221.92,-55.11
-0.08,0.26,0.9,-8.48,225.83,-62.26
-0.1,0.24,0.88,-8.91,233.4,-67.26
-0.11,0.19,0.76,-12.45,248.35,-71.04
-0.1,0.12,0.68,-18.74,259.03,-74.1
-0.1,0.07,0.61,-22.89,263.55,-75.13
-0.1,0.05,0.48,-25.15,271.0,-75.87
-0.1,0.08,0.33,-21.61,277.28,-75.62
-0.09,0.07,0.2,-20.51,278.14,-77.51
-0.06,0.06,0.19,-18.98,268.07,-82.34
-0.0,0.06,0.3,-18.62,254.7,-84.29
0.02,0.04,0.37,-19.71,251.28,-86.43
0.04,0.04,0.4,-22.4,256.04,-88.38
0.05,0.03,0.31,-26.37,265.69,-89.97
0.03,-0.05,0.1,-32.71,277.22,-93.38
0.06,-0.13,-0.16,-42.11,281.56,-95.89
0.12,-0.2,-0.42,-49.87,272.22,-93.26
0.2,-0.27,-0.53,-60.55,245.18,-87.4
0.32,-0.33,-0.29,-69.7,202.21,-80.63
0.39,-0.33,0.25,-58.9,163.39,-74.65
0.35,-0.24,0.74,-25.94,154.72,-65.55
0.27,-0.04,0.89,9.03,192.63,-50.42
0.19,0.07,0.62,25.21,258.36,-47.24
0.14,0.08,0.21,21.67,309.33,-54.99
0.11,0.01,-0.28,5.37,332.15,-64.64
0.13,-0.15,-0.73,-19.47,328.19,-73.73
0.21,-0.34,-1.03,-48.4,298.58,-78.55
0.31,-0.43,-1.09,-62.68,254.64,-85.45
0.37,-0.44,-0.9,-54.2,209.23,-99.24
0.41,-0.41,-0.53,-25.76,175.72,-106.87
0.39,-0.33,-0.14,24.54,168.64,-89.9
0.39,-0.14,0.21,99.49,186.1,-55.97
0.39,0.11,0.21,163.7,219.42,-36.93
0.41,0.04,-0.34,156.43,269.9,-44.13
0.48,-0.45,-1.11,81.36,299.26,-69.15
0.47,-0.68,-1.48,-4.09,280.09,-116.21
0.3,-1.3,-1.59,-55.97,237.06,-160.58
0.29,-1.76,-1.32,-96.44,138.0,-54.38
0.31,-1.07,-0.82,-63.6,56.03,71.11
0.38,-0.1,-0.59,15.93,77.21,136.72
0.36,0.46,-0.63,99.3,113.28,152.71
0.35,0.43,-0.6,141.48,133.18,174.56
0.34,0.38,-0.8,136.84,158.51,170.47
0.46,0.5,-1.14,107.36,178.34,143.19
0.45,0.47,-1.43,85.45,169.8,48.28
0.42,-0.05,-1.39,68.3,130.37,-28.5
0.42,-0.46,-1.33,61.04,102.23,-61.04
0.36,-0.45,-1.41,61.71,97.17,-88.07
0.26,-0.35,-1.42,66.22,94.73,-98.88
0.15,-0.3,-1.43,79.71,81.48,-68.66
0.11,-0.19,-1.39,97.05,54.81,-11.84
0.13,0.14,-1.29,109.56,32.59,34.73
0.15,0.31,-1.14,118.96,31.62,54.14
0.18,0.28,-1.15,111.51,40.41,56.95
0.21,0.21,-1.28,86.43,49.8,36.01
0.22,0.07,-1.38,68.85,49.01,4.52
0.22,-0.02,-1.41,57.13,37.05,-5.98
0.22,0.02,-1.42,49.93,22.34,0.37
0.22,0.16,-1.43,48.83,8.79,7.39
0.21,0.26,-1.44,54.75,0.24,6.77
0.19,0.28,-1.47,65.49,-4.33,2.62
0.19,0.26,-1.49,69.34,-16.36,-3.91
0.18,0.23,-1.53,65.37,-37.9,-17.76
0.18,0.14,-1.57,56.34,-59.2,-30.94
0.17,0.05,-1.59,44.49,-76.17,-36.13
0.15,-0.04,-1.48,36.01,-98.82,-34.67
0.14,-0.08,-1.34,37.78,-144.1,-29.17
0.16,-0.05,-0.98,30.46,-181.88,-19.41
0.2,0.07,-0.9,28.5,-149.78,-6.1
0.17,0.2,-1.07,25.21,-123.84,-0.49
0.17,0.27,-1.22,11.66,-118.29,-1.34
0.16,0.32,-1.3,11.41,-123.78,-3.05
0.18,0.33,-1.31,21.18,-135.86,-0.92
0.24,0.29,-1.3,28.75,-157.71,-0.37
0.3,0.26,-1.24,33.08,-173.89,-9.52
0.33,0.17,-1.21,33.87,-186.65,-31.13
0.34,-0.04,-1.11,26.37,-206.3,-45.78
0.35,-0.11,-0.93,13.55,-227.78,-40.65
0.34,0.01,-0.76,2.62,-242.68,-22.83
0.34,0.24,-0.6,-3.48,-251.28,-7.32
0.32,0.37,-0.43,-3.54,-255.86,-0.67
0.32,0.42,-0.29,1.83,-252.93,6.47
0.33,0.61,-0.26,15.14,-237.61,-2.81
0.38,0.63,-0.31,31.43,-220.52,-39.73
0.41,0.42,-0.45,31.68,-210.14,-84.29
0.42,0.04,-0.55,12.51,-210.69,-116.46
0.44,-0.23,-0.59,-11.78,-223.14,-125.06
0.44,-0.3,-0.64,-33.08,-238.83,-112.49
0.43,-0.26,-0.61,-50.35,-257.75,-88.56
0.42,-0.2,-0.36,-53.96,-282.84,-68.3
0.4,-0.15,0.01,-37.29,-304.26,-57.98
0.4,-0.07,0.29,-12.33,-304.63,-53.1
0.43,0.03,0.44,2.38,-289.25,-50.9
0.45,0.01,0.46,-2.75,-271.36,-57.19
0.47,-0.14,0.41,-32.78,-256.29,-65.73
0.47,-0.29,0.29,-59.63,-248.11,-63.96
0.44,-0.34,0.2,-96.01,-250.61,-50.29
0.39,-0.28,0.22,-122.99,-263.12,-27.53
0.37,-0.06,0.35,-127.08,-276.12,0.55
0.41,0.12,0.51,-101.07,-279.3,14.22
0.47,0.11,0.68,-59.69,-270.57,3.72
0.49,-0.13,0.74,-18.55,-249.76,-18.8
0.49,-0.36,0.66,1.59,-222.78,-30.52
0.46,-0.44,0.47,1.16,-203.92,-28.87
0.4,-0.43,0.34,-20.57,-207.58,-22.71
0.3,-0.38,0.4,-54.87,-232.12,-9.28
0.26,-0.28,0.65,-77.03,-259.7,21.12
0.24,0.01,0.97,-72.75,-273.07,67.63
0.22,0.37,1.18,-42.11,-262.39,99.12
0.23,0.45,1.32,-16.24,-230.1,126.53
0.3,0.75,1.3,13.18,-176.27,131.59
0.31,0.85,0.92,68.91,-119.08,51.33
0.28,0.37,0.58,85.88,-88.38,-43.7
0.27,-0.16,0.33,73.79,-86.55,-90.09
0.26,-0.49,0.17,60.18,-106.81,-102.23
0.21,-0.53,0.16,30.4,-145.39,-110.66
0.1,-0.48,0.38,-8.06,-195.19,-117.68
0.05,-0.35,0.74,-33.69,-234.62,-105.96
0.01,-0.21,1.07,-33.33,-246.83,-63.66
0.02,0.02,1.28,-9.46,-228.76,8.06
0.0,0.33,1.22,34.06,-191.22,50.35
-0.04,0.32,1.09,57.31,-157.47,63.05
-0.02,0.17,0.99,56.76,-146.12,45.53
-0.08,-0.11,0.98,65.19,-156.68,-13.37
-0.08,-0.39,1.16,50.42,-180.11,-49.68
-0.04,-0.39,1.34,37.29,-194.27,-62.44
0.01,-0.35,1.46,21.91,-187.81,-53.71
0.0,-0.28,1.47,18.55,-166.14,-27.59
-0.0,-0.13,1.36,26.43,-138.24,10.25
-0.03,0.09,1.18,49.13,-110.78,30.15
-0.1,0.22,0.95,64.82,-89.29,27.83
-0.17,0.21,0.7,64.39,-78.19,10.44
-0.24,0.08,0.53,46.14,-86.79,-18.98
-0.28,-0.13,0.52,20.02,-113.53,-39.73
-0.31,-0.26,0.7,-0.67,-150.39,-43.27
-0.3,-0.29,1.02,-13.43,-186.52,-35.16
-0.28,-0.22,1.34,-23.19,-203.8,-18.92
-0.27,-0.07,1.5,-25.39,-193.3,-2.87
-0.27,0.06,1.51,-22.71,-165.53,1.89
-0.27,0.11,1.39,-17.15,-135.01,-5.19
